Nome do Local,Município,UF,Link
Cemitério de São João Batista,Rio de Janeiro,RJ,
Crematório e Cemitério Jardim da Saudade - Sulacap,Rio de Janeiro,RJ,
Crematório e Cemitério Vertical da Penitência,Rio de Janeiro,RJ,
Cemitério dos Ingleses,Rio de Janeiro,RJ,
Cemitério Necrópole do Campo Santo (Vila Rio),Rio de Janeiro,RJ,
Cemitério de São Francisco Xavier (Cemitério do Caju),Rio de Janeiro,RJ,
Cemitério Jardim da Saudade - Paciência,Rio de Janeiro,RJ,
Cemitério Ricardo de Albuquerque,Rio de Janeiro,RJ,
Cemitério de S. Francisco de Paula (Cemitério do Catumbi),Rio de Janeiro,RJ,
Assistência Funeral Santa Casa 24 Horas,Rio de Janeiro,RJ,
Funerária São Geraldo,Rio de Janeiro,RJ,
Funerária Botafogo,Rio de Janeiro,RJ,
Santa Casa Agência Méier,Rio de Janeiro,RJ,
Funerária Praça da Bandeira,Rio de Janeiro,RJ,
Assistência Funeral Salomão Lisboa,Rio de Janeiro,RJ,
Santa Casa de Copacabana,Rio de Janeiro,RJ,
Funerária Brasil Pax,Rio de Janeiro,RJ,
Santa Casa Copacabana,Rio de Janeiro,RJ,
Cremar rio funerais,Rio de Janeiro,RJ,
Funerária Phoenix,Rio de Janeiro,RJ,
Funerária Reviver 24h - Cemitério São Francisco Xavier (Caju),Rio de Janeiro,RJ,
Cemitério de Inhaúma,Rio de Janeiro,RJ,
Cemitério de Irajá,Rio de Janeiro,RJ,
Cemitério de Mesquita,Rio de Janeiro,RJ,
Cemitério do Pechincha,Rio de Janeiro,RJ,
Cemitério Memorial do Carmo,Rio de Janeiro,RJ,
Cemitério e Crematório São Francisco Xavier,Rio de Janeiro,RJ,
Cemitério Memorial do Rio,Rio de Janeiro,RJ,
Cemitério Murundu,Rio de Janeiro,RJ,
Cemitério Comunal Israelita,Rio de Janeiro,RJ,
Cemitério Campo Grande - Rio Pax,Rio de Janeiro,RJ,
Cemitério Municipal São Miguel,São Gonçalo,RJ,
Cemitério Parque da Paz,São Gonçalo,RJ,
Cemitério do Pacheco,São Gonçalo,RJ,
Cemitério Israelita de São Gonçalo,São Gonçalo,RJ,
Memorial Parque Nycteroy,São Gonçalo,RJ,
Cemitério Municipal de Ipiiba,São Gonçalo,RJ,
Recanto dos Amigos,São Gonçalo,RJ,
Lopes e Regina Corretores Parque da Paz,São Gonçalo,RJ,
Cemitério Municipal de São Gonçalo,São Gonçalo,RJ,
Funerária e Capela Nossa Senhora de Santanna,São Gonçalo,RJ,
Funerária Parque da Paz,São Gonçalo,RJ,
Funerária Memorial Pax,São Gonçalo,RJ,
Funerária e Floricultura Shallon,São Gonçalo,RJ,
Capela Funerária Nova São Gonçalo,São Gonçalo,RJ,
Capela Funerária Porto da Pedra João Barbudo,São Gonçalo,RJ,
Funerária São João Batista & Oasp Plus-Vida,São Gonçalo,RJ,
Funerária Memorial da Paz,São Gonçalo,RJ,
Funerária SEFAS,São Gonçalo,RJ,
Funerária Santa Casa do Pacheco,São Gonçalo,RJ,
Capela São Miguel da Paz,São Gonçalo,RJ,
Memorial Campo da Paz - Crematório e Cemitério Ecológico,Niterói,RJ,
Cemitério Maruí,Niterói,RJ,
Cemitério São Lázaro - Itaipu,Niterói,RJ,
Cemitério Arquiconfraria Nossa Senhora da Conceição,Niterói,RJ,
Cemitério da Irmandade do Santíssimo Sacramento,Niterói,RJ,
Cemitério São Francisco Xavier,Niterói,RJ,
Funerária NITERÓI - Todas as unidades,Niterói,RJ,
Assistência Funerária Niterói,Niterói,RJ,
Assistência Funeral Rio Pax,Niterói,RJ,
Cemitério Parque da Colina,Niterói,RJ,
Capela Velório Nossa Senhora da Conceição,Niterói,RJ,
Funerária Santa Casa de Niterói,Niterói,RJ,
Funerária Acácia Assistencial,Niterói,RJ,
Funerária Flores da Camélia,Niterói,RJ,
Funerária Bom Jesus,Niterói,RJ,
Funerária Nova Dimensão,Niterói,RJ,
Funerária Paraíso,Niterói,RJ,
Funerária Celestial Pax,Niterói,RJ,
Cemitério de Nossa Senhora do Belém,Duque de Caxias,RJ,
Cemitério Nossa Senhora das Graças,Duque de Caxias,RJ,
Cemitério Municipal de Nossa Senhora do Pilar,Duque de Caxias,RJ,
Cemitério Nossa Senhora de Fátima (Taquara),Duque de Caxias,RJ,
Cemitério Memorial do Rio,Duque de Caxias,RJ,
Cemiterio de Xerém,Duque de Caxias,RJ,
Assistência Familiar Rio Pax,Duque de Caxias,RJ,
Funerária Nossa Senhora da Anunciação,Duque de Caxias,RJ,
Santa Casa Copacabana,Duque de Caxias,RJ,
Cemitério São Lázaro,Duque de Caxias,RJ,
Cemitério Público de Duque de Caxias,Duque de Caxias,RJ,
Funerária Santa Casa Duque de Caxias,Duque de Caxias,RJ,
Cemitério dos Escravos - Nova Iguaçu,Nova Iguaçu,RJ,
CEMITÉRIO DE CARLOS SAMPAIO,Nova Iguaçu,RJ,
Cemitério da Freguesia da Piedade do Iguaçu,Nova Iguaçu,RJ,
Donlee Assistencial,Nova Iguaçu,RJ,
Cemitério de Nova Iguaçu,Nova Iguaçu,RJ,
Cemitério de Marapicu,Nova Iguaçu,RJ,
Funerária Grupo Sifaz,Nova Iguaçu,RJ,
Funerária Pax São Salvador,Nova Iguaçu,RJ,
Funerária São Salvador,Nova Iguaçu,RJ,
Cemitério de Belford Roxo,Belford Roxo,RJ,
Cemitério Israelita de Belford Roxo (Chevra Kadisha),Belford Roxo,RJ,
Rio Pax Unidade Belford Roxo,Belford Roxo,RJ,
Funerária Renascer 2001,Belford Roxo,RJ,
Real Pax Belford Roxo,Belford Roxo,RJ,
Cemitério de Belford Roxo (Solidão),Belford Roxo,RJ,
Rio Pax Unidade Belford Roxo,Belford Roxo,RJ,
Santa Amélia Pax Assistência Funerária,Belford Roxo,RJ,
Funerária Unidos Pela Fé,Belford Roxo,RJ,
Cemitério Municipal de Vila Rosali,São João de Meriti,RJ,
Cemitério São Lázaro,São João de Meriti,RJ,
Cemitério Israelita de Vila Rosali,São João de Meriti,RJ,
RIOPAE,São João de Meriti,RJ,
Cremar rio funerais,São João de Meriti,RJ,
Crematório Metropolitano São João Batista,São João de Meriti,RJ,
Cemitério de Éden,São João de Meriti,RJ,
Funerária Casa de Luto de São João Batista,São João de Meriti,RJ,
Funerária Oswaldo Cruz,Petrópolis,RJ,
Funerária Antônio Ligeiro,Petrópolis,RJ,
Funerária Envida Rio,Petrópolis,RJ,
Funerárias Capixaba,Petrópolis,RJ,
Funerária Osvaldo Cruz,Petrópolis,RJ,
Funerária Casa Mussel,Petrópolis,RJ,
Plano de Assistência Funeral Ruy Ligeiro,Petrópolis,RJ,
Plano de Assistência Funeral Vital Ligeiro,Petrópolis,RJ,
Cemitério Municipal de Petrópolis,Petrópolis,RJ,
Cemitério Parque da Paz,Itaboraí,RJ,
Cemitério Municipal de Porto das Caixas.,Itaboraí,RJ,
CEMITÉRIO MUNICIPAL DE ITAMBI,Itaboraí,RJ,
Cemitério Municipal de Itapacorá,Itaboraí,RJ,
Cemitério municipal de Sambaetiba,Itaboraí,RJ,
Alliança Assistencial,Itaboraí,RJ,
Funerária Prefeitura Municipal de Itaboraí,Itaboraí,RJ,
FUNERÁRIA JARDIM DAS OLIVEIRAS,Itaboraí,RJ,
Crematório OAF,Itaboraí,RJ,
Cemitério Nossa Senhora da Piedade - Unidade I,Magé,RJ,
Cemitério Nossa Senhora da Piedade - Unidade II,Magé,RJ,
Cemitério De Raiz Da Serra,Magé,RJ,
Cemitério de Santo Aleixo,Magé,RJ,
Cemitério de Bongaba,Magé,RJ,
Cemitério da Cidade,Magé,RJ,
SAFIM E FUNERÁRIA BRISA MAR,Magé,RJ,
Safem - Serviço de Assistência Familiar LTDA,Magé,RJ,
Funerária Nossa Senhora da Piedade,Magé,RJ,
Funerária Guarani,Magé,RJ,